-- =====================================================================
-- seed.sql — GENERATED by tools/convert-seed.py from firebase-seed.json
-- Idempotent: safe to re-run (upserts / on-conflict-do-nothing).
-- Run AFTER schema.sql.
-- =====================================================================
begin;
select set_module_state('solar/meta', '{"totalMW": 70.4, "itcMW": {"ITC-1": 13.2, "ITC-2": 13.2, "ITC-3": 13.2, "ITC-4": 13.2, "ITC-5": 8.8, "ITC-6": 8.8}}'::jsonb);
insert into solar_itcs (id, data) values ('ITC-1', '{"live": {"activities": ["Pre-Boundary Wall — Pole alignment completed – 100 mtr", "DC Cable Trench — Excavation & hard-rock breaking – 200 mtr", "DC Trench — Dressing and sand bedding – 50 mtr", "MMS Erection — Tilt fixing & fastener tightening – 5 full tables", "Solar PV Module Installation – 100 Nos", "ITC Foundation — Excavation NIFPS / BOT / AUX Transformer in progress", "Pile Casting (200 Nos) – NOT started (Aaraa vendor mobilisation pending)", "LA Foundation Drilling & Casting – NOT started (vendor machinery/MP issue)"], "noWorkReason": "", "lastByName": "Site Engineer - Solar", "lastAt": 1778636146649}}'::jsonb) on conflict (id) do update set data = excluded.data;
insert into solar_activities (itc_id, idx, done, today, sub_scope, sub_done, extra) values ('ITC-1', 0, 90, 0, 6185, '[6185, 6185, 5985, 3921]'::jsonb, '{}'::jsonb) on conflict (itc_id, idx) do update set done=excluded.done, today=excluded.today, sub_scope=excluded.sub_scope, sub_done=excluded.sub_done, extra=excluded.extra;
insert into solar_activities (itc_id, idx, done, today, sub_scope, sub_done, extra) values ('ITC-1', 1, 0, 0, 1, '[0]'::jsonb, '{}'::jsonb) on conflict (itc_id, idx) do update set done=excluded.done, today=excluded.today, sub_scope=excluded.sub_scope, sub_done=excluded.sub_done, extra=excluded.extra;
insert into solar_activities (itc_id, idx, done, today, sub_scope, sub_done, extra) values ('ITC-1', 2, 20, 0, 3620, '[720]'::jsonb, '{}'::jsonb) on conflict (itc_id, idx) do update set done=excluded.done, today=excluded.today, sub_scope=excluded.sub_scope, sub_done=excluded.sub_done, extra=excluded.extra;
insert into solar_activities (itc_id, idx, done, today, sub_scope, sub_done, extra) values ('ITC-1', 3, 17, 0, 5679, '[2903, 0, 0]'::jsonb, '{}'::jsonb) on conflict (itc_id, idx) do update set done=excluded.done, today=excluded.today, sub_scope=excluded.sub_scope, sub_done=excluded.sub_done, extra=excluded.extra;
insert into solar_activities (itc_id, idx, done, today, sub_scope, sub_done, extra) values ('ITC-1', 4, 0, 0, 9984, '[0]'::jsonb, '{}'::jsonb) on conflict (itc_id, idx) do update set done=excluded.done, today=excluded.today, sub_scope=excluded.sub_scope, sub_done=excluded.sub_done, extra=excluded.extra;
insert into solar_activities (itc_id, idx, done, today, sub_scope, sub_done, extra) values ('ITC-1', 5, 0, 0, 1, '[0]'::jsonb, '{}'::jsonb) on conflict (itc_id, idx) do update set done=excluded.done, today=excluded.today, sub_scope=excluded.sub_scope, sub_done=excluded.sub_done, extra=excluded.extra;
insert into solar_activities (itc_id, idx, done, today, sub_scope, sub_done, extra) values ('ITC-1', 6, 0, 0, 72, '[8, 0, 0]'::jsonb, '{}'::jsonb) on conflict (itc_id, idx) do update set done=excluded.done, today=excluded.today, sub_scope=excluded.sub_scope, sub_done=excluded.sub_done, extra=excluded.extra;
insert into solar_activities (itc_id, idx, done, today, sub_scope, sub_done, extra) values ('ITC-1', 7, 43, 0, 580, '[490, 33, 192]'::jsonb, '{}'::jsonb) on conflict (itc_id, idx) do update set done=excluded.done, today=excluded.today, sub_scope=excluded.sub_scope, sub_done=excluded.sub_done, extra=excluded.extra;
insert into solar_activities (itc_id, idx, done, today, sub_scope, sub_done, extra) values ('ITC-1', 8, 37, 0, 1, '[1, 0, 0]'::jsonb, '{}'::jsonb) on conflict (itc_id, idx) do update set done=excluded.done, today=excluded.today, sub_scope=excluded.sub_scope, sub_done=excluded.sub_done, extra=excluded.extra;
insert into solar_activities (itc_id, idx, done, today, sub_scope, sub_done, extra) values ('ITC-1', 9, 0, 0, 1, '[0, 0, 0]'::jsonb, '{}'::jsonb) on conflict (itc_id, idx) do update set done=excluded.done, today=excluded.today, sub_scope=excluded.sub_scope, sub_done=excluded.sub_done, extra=excluded.extra;
insert into solar_activities (itc_id, idx, done, today, sub_scope, sub_done, extra) values ('ITC-1', 10, 0, 0, 1, '[0, 0, 0]'::jsonb, '{}'::jsonb) on conflict (itc_id, idx) do update set done=excluded.done, today=excluded.today, sub_scope=excluded.sub_scope, sub_done=excluded.sub_done, extra=excluded.extra;
insert into solar_activities (itc_id, idx, done, today, sub_scope, sub_done, extra) values ('ITC-1', 11, 0, 0, 13, '[0, 0, 0]'::jsonb, '{}'::jsonb) on conflict (itc_id, idx) do update set done=excluded.done, today=excluded.today, sub_scope=excluded.sub_scope, sub_done=excluded.sub_done, extra=excluded.extra;
insert into solar_activities (itc_id, idx, done, today, sub_scope, sub_done, extra) values ('ITC-1', 12, 0, 0, 1, '[0, 0, 0]'::jsonb, '{}'::jsonb) on conflict (itc_id, idx) do update set done=excluded.done, today=excluded.today, sub_scope=excluded.sub_scope, sub_done=excluded.sub_done, extra=excluded.extra;
insert into solar_activities (itc_id, idx, done, today, sub_scope, sub_done, extra) values ('ITC-1', 13, 0, 0, 1, '[0, 0, 0, 0]'::jsonb, '{}'::jsonb) on conflict (itc_id, idx) do update set done=excluded.done, today=excluded.today, sub_scope=excluded.sub_scope, sub_done=excluded.sub_done, extra=excluded.extra;
insert into solar_activities (itc_id, idx, done, today, sub_scope, sub_done, extra) values ('ITC-1', 14, 0, 0, 1236, '[0, 0, 0, 0, 0]'::jsonb, '{}'::jsonb) on conflict (itc_id, idx) do update set done=excluded.done, today=excluded.today, sub_scope=excluded.sub_scope, sub_done=excluded.sub_done, extra=excluded.extra;
insert into solar_activities (itc_id, idx, done, today, sub_scope, sub_done, extra) values ('ITC-1', 15, 0, 0, 1, '[0, 0, 0, 0]'::jsonb, '{}'::jsonb) on conflict (itc_id, idx) do update set done=excluded.done, today=excluded.today, sub_scope=excluded.sub_scope, sub_done=excluded.sub_done, extra=excluded.extra;
insert into solar_itcs (id, data) values ('ITC-2', '{"live": {"activities": [], "noWorkReason": "Land development pending — work not yet mobilised.", "lastByName": "", "lastAt": 1778636146649}}'::jsonb) on conflict (id) do update set data = excluded.data;
insert into solar_activities (itc_id, idx, done, today, sub_scope, sub_done, extra) values ('ITC-2', 0, 0, 0, 6185, '[0, 0, 0, 0]'::jsonb, '{}'::jsonb) on conflict (itc_id, idx) do update set done=excluded.done, today=excluded.today, sub_scope=excluded.sub_scope, sub_done=excluded.sub_done, extra=excluded.extra;
insert into solar_activities (itc_id, idx, done, today, sub_scope, sub_done, extra) values ('ITC-2', 1, 0, 0, 1, '[0]'::jsonb, '{}'::jsonb) on conflict (itc_id, idx) do update set done=excluded.done, today=excluded.today, sub_scope=excluded.sub_scope, sub_done=excluded.sub_done, extra=excluded.extra;
insert into solar_activities (itc_id, idx, done, today, sub_scope, sub_done, extra) values ('ITC-2', 2, 0, 0, 3620, '[0]'::jsonb, '{}'::jsonb) on conflict (itc_id, idx) do update set done=excluded.done, today=excluded.today, sub_scope=excluded.sub_scope, sub_done=excluded.sub_done, extra=excluded.extra;
insert into solar_activities (itc_id, idx, done, today, sub_scope, sub_done, extra) values ('ITC-2', 3, 0, 0, 5679, '[0, 0, 0]'::jsonb, '{}'::jsonb) on conflict (itc_id, idx) do update set done=excluded.done, today=excluded.today, sub_scope=excluded.sub_scope, sub_done=excluded.sub_done, extra=excluded.extra;
insert into solar_activities (itc_id, idx, done, today, sub_scope, sub_done, extra) values ('ITC-2', 4, 0, 0, 9984, '[0]'::jsonb, '{}'::jsonb) on conflict (itc_id, idx) do update set done=excluded.done, today=excluded.today, sub_scope=excluded.sub_scope, sub_done=excluded.sub_done, extra=excluded.extra;
insert into solar_activities (itc_id, idx, done, today, sub_scope, sub_done, extra) values ('ITC-2', 5, 0, 0, 1, '[0]'::jsonb, '{}'::jsonb) on conflict (itc_id, idx) do update set done=excluded.done, today=excluded.today, sub_scope=excluded.sub_scope, sub_done=excluded.sub_done, extra=excluded.extra;
insert into solar_activities (itc_id, idx, done, today, sub_scope, sub_done, extra) values ('ITC-2', 6, 0, 0, 72, '[0, 0, 0]'::jsonb, '{}'::jsonb) on conflict (itc_id, idx) do update set done=excluded.done, today=excluded.today, sub_scope=excluded.sub_scope, sub_done=excluded.sub_done, extra=excluded.extra;
insert into solar_activities (itc_id, idx, done, today, sub_scope, sub_done, extra) values ('ITC-2', 7, 0, 0, 580, '[0, 0, 0]'::jsonb, '{}'::jsonb) on conflict (itc_id, idx) do update set done=excluded.done, today=excluded.today, sub_scope=excluded.sub_scope, sub_done=excluded.sub_done, extra=excluded.extra;
insert into solar_activities (itc_id, idx, done, today, sub_scope, sub_done, extra) values ('ITC-2', 8, 0, 0, 1, '[0, 0, 0]'::jsonb, '{}'::jsonb) on conflict (itc_id, idx) do update set done=excluded.done, today=excluded.today, sub_scope=excluded.sub_scope, sub_done=excluded.sub_done, extra=excluded.extra;
insert into solar_activities (itc_id, idx, done, today, sub_scope, sub_done, extra) values ('ITC-2', 9, 0, 0, 1, '[0, 0, 0]'::jsonb, '{}'::jsonb) on conflict (itc_id, idx) do update set done=excluded.done, today=excluded.today, sub_scope=excluded.sub_scope, sub_done=excluded.sub_done, extra=excluded.extra;
insert into solar_activities (itc_id, idx, done, today, sub_scope, sub_done, extra) values ('ITC-2', 10, 0, 0, 1, '[0, 0, 0]'::jsonb, '{}'::jsonb) on conflict (itc_id, idx) do update set done=excluded.done, today=excluded.today, sub_scope=excluded.sub_scope, sub_done=excluded.sub_done, extra=excluded.extra;
insert into solar_activities (itc_id, idx, done, today, sub_scope, sub_done, extra) values ('ITC-2', 11, 0, 0, 13, '[0, 0, 0]'::jsonb, '{}'::jsonb) on conflict (itc_id, idx) do update set done=excluded.done, today=excluded.today, sub_scope=excluded.sub_scope, sub_done=excluded.sub_done, extra=excluded.extra;
insert into solar_activities (itc_id, idx, done, today, sub_scope, sub_done, extra) values ('ITC-2', 12, 0, 0, 1, '[0, 0, 0]'::jsonb, '{}'::jsonb) on conflict (itc_id, idx) do update set done=excluded.done, today=excluded.today, sub_scope=excluded.sub_scope, sub_done=excluded.sub_done, extra=excluded.extra;
insert into solar_activities (itc_id, idx, done, today, sub_scope, sub_done, extra) values ('ITC-2', 13, 0, 0, 1, '[0, 0, 0, 0]'::jsonb, '{}'::jsonb) on conflict (itc_id, idx) do update set done=excluded.done, today=excluded.today, sub_scope=excluded.sub_scope, sub_done=excluded.sub_done, extra=excluded.extra;
insert into solar_activities (itc_id, idx, done, today, sub_scope, sub_done, extra) values ('ITC-2', 14, 0, 0, 1236, '[0, 0, 0, 0, 0]'::jsonb, '{}'::jsonb) on conflict (itc_id, idx) do update set done=excluded.done, today=excluded.today, sub_scope=excluded.sub_scope, sub_done=excluded.sub_done, extra=excluded.extra;
insert into solar_activities (itc_id, idx, done, today, sub_scope, sub_done, extra) values ('ITC-2', 15, 0, 0, 1, '[0, 0, 0, 0]'::jsonb, '{}'::jsonb) on conflict (itc_id, idx) do update set done=excluded.done, today=excluded.today, sub_scope=excluded.sub_scope, sub_done=excluded.sub_done, extra=excluded.extra;
insert into solar_itcs (id, data) values ('ITC-3', '{"live": {"activities": [], "noWorkReason": "Land development pending — work not yet mobilised.", "lastByName": "", "lastAt": 1778636146649}}'::jsonb) on conflict (id) do update set data = excluded.data;
insert into solar_activities (itc_id, idx, done, today, sub_scope, sub_done, extra) values ('ITC-3', 0, 0, 0, 6185, '[0, 0, 0, 0]'::jsonb, '{}'::jsonb) on conflict (itc_id, idx) do update set done=excluded.done, today=excluded.today, sub_scope=excluded.sub_scope, sub_done=excluded.sub_done, extra=excluded.extra;
insert into solar_activities (itc_id, idx, done, today, sub_scope, sub_done, extra) values ('ITC-3', 1, 0, 0, 1, '[0]'::jsonb, '{}'::jsonb) on conflict (itc_id, idx) do update set done=excluded.done, today=excluded.today, sub_scope=excluded.sub_scope, sub_done=excluded.sub_done, extra=excluded.extra;
insert into solar_activities (itc_id, idx, done, today, sub_scope, sub_done, extra) values ('ITC-3', 2, 0, 0, 3620, '[0]'::jsonb, '{}'::jsonb) on conflict (itc_id, idx) do update set done=excluded.done, today=excluded.today, sub_scope=excluded.sub_scope, sub_done=excluded.sub_done, extra=excluded.extra;
insert into solar_activities (itc_id, idx, done, today, sub_scope, sub_done, extra) values ('ITC-3', 3, 0, 0, 5679, '[0, 0, 0]'::jsonb, '{}'::jsonb) on conflict (itc_id, idx) do update set done=excluded.done, today=excluded.today, sub_scope=excluded.sub_scope, sub_done=excluded.sub_done, extra=excluded.extra;
insert into solar_activities (itc_id, idx, done, today, sub_scope, sub_done, extra) values ('ITC-3', 4, 0, 0, 9984, '[0]'::jsonb, '{}'::jsonb) on conflict (itc_id, idx) do update set done=excluded.done, today=excluded.today, sub_scope=excluded.sub_scope, sub_done=excluded.sub_done, extra=excluded.extra;
insert into solar_activities (itc_id, idx, done, today, sub_scope, sub_done, extra) values ('ITC-3', 5, 0, 0, 1, '[0]'::jsonb, '{}'::jsonb) on conflict (itc_id, idx) do update set done=excluded.done, today=excluded.today, sub_scope=excluded.sub_scope, sub_done=excluded.sub_done, extra=excluded.extra;
insert into solar_activities (itc_id, idx, done, today, sub_scope, sub_done, extra) values ('ITC-3', 6, 0, 0, 72, '[0, 0, 0]'::jsonb, '{}'::jsonb) on conflict (itc_id, idx) do update set done=excluded.done, today=excluded.today, sub_scope=excluded.sub_scope, sub_done=excluded.sub_done, extra=excluded.extra;
insert into solar_activities (itc_id, idx, done, today, sub_scope, sub_done, extra) values ('ITC-3', 7, 0, 0, 580, '[0, 0, 0]'::jsonb, '{}'::jsonb) on conflict (itc_id, idx) do update set done=excluded.done, today=excluded.today, sub_scope=excluded.sub_scope, sub_done=excluded.sub_done, extra=excluded.extra;
insert into solar_activities (itc_id, idx, done, today, sub_scope, sub_done, extra) values ('ITC-3', 8, 0, 0, 1, '[0, 0, 0]'::jsonb, '{}'::jsonb) on conflict (itc_id, idx) do update set done=excluded.done, today=excluded.today, sub_scope=excluded.sub_scope, sub_done=excluded.sub_done, extra=excluded.extra;
insert into solar_activities (itc_id, idx, done, today, sub_scope, sub_done, extra) values ('ITC-3', 9, 0, 0, 1, '[0, 0, 0]'::jsonb, '{}'::jsonb) on conflict (itc_id, idx) do update set done=excluded.done, today=excluded.today, sub_scope=excluded.sub_scope, sub_done=excluded.sub_done, extra=excluded.extra;
insert into solar_activities (itc_id, idx, done, today, sub_scope, sub_done, extra) values ('ITC-3', 10, 0, 0, 1, '[0, 0, 0]'::jsonb, '{}'::jsonb) on conflict (itc_id, idx) do update set done=excluded.done, today=excluded.today, sub_scope=excluded.sub_scope, sub_done=excluded.sub_done, extra=excluded.extra;
insert into solar_activities (itc_id, idx, done, today, sub_scope, sub_done, extra) values ('ITC-3', 11, 0, 0, 13, '[0, 0, 0]'::jsonb, '{}'::jsonb) on conflict (itc_id, idx) do update set done=excluded.done, today=excluded.today, sub_scope=excluded.sub_scope, sub_done=excluded.sub_done, extra=excluded.extra;
insert into solar_activities (itc_id, idx, done, today, sub_scope, sub_done, extra) values ('ITC-3', 12, 0, 0, 1, '[0, 0, 0]'::jsonb, '{}'::jsonb) on conflict (itc_id, idx) do update set done=excluded.done, today=excluded.today, sub_scope=excluded.sub_scope, sub_done=excluded.sub_done, extra=excluded.extra;
insert into solar_activities (itc_id, idx, done, today, sub_scope, sub_done, extra) values ('ITC-3', 13, 0, 0, 1, '[0, 0, 0, 0]'::jsonb, '{}'::jsonb) on conflict (itc_id, idx) do update set done=excluded.done, today=excluded.today, sub_scope=excluded.sub_scope, sub_done=excluded.sub_done, extra=excluded.extra;
insert into solar_activities (itc_id, idx, done, today, sub_scope, sub_done, extra) values ('ITC-3', 14, 0, 0, 1236, '[0, 0, 0, 0, 0]'::jsonb, '{}'::jsonb) on conflict (itc_id, idx) do update set done=excluded.done, today=excluded.today, sub_scope=excluded.sub_scope, sub_done=excluded.sub_done, extra=excluded.extra;
insert into solar_activities (itc_id, idx, done, today, sub_scope, sub_done, extra) values ('ITC-3', 15, 0, 0, 1, '[0, 0, 0, 0]'::jsonb, '{}'::jsonb) on conflict (itc_id, idx) do update set done=excluded.done, today=excluded.today, sub_scope=excluded.sub_scope, sub_done=excluded.sub_done, extra=excluded.extra;
insert into solar_itcs (id, data) values ('ITC-4', '{"live": {"activities": [], "noWorkReason": "Land registration pending — work not yet mobilised.", "lastByName": "", "lastAt": 1778636146649}}'::jsonb) on conflict (id) do update set data = excluded.data;
insert into solar_activities (itc_id, idx, done, today, sub_scope, sub_done, extra) values ('ITC-4', 0, 0, 0, 6185, '[0, 0, 0, 0]'::jsonb, '{}'::jsonb) on conflict (itc_id, idx) do update set done=excluded.done, today=excluded.today, sub_scope=excluded.sub_scope, sub_done=excluded.sub_done, extra=excluded.extra;
insert into solar_activities (itc_id, idx, done, today, sub_scope, sub_done, extra) values ('ITC-4', 1, 0, 0, 1, '[0]'::jsonb, '{}'::jsonb) on conflict (itc_id, idx) do update set done=excluded.done, today=excluded.today, sub_scope=excluded.sub_scope, sub_done=excluded.sub_done, extra=excluded.extra;
insert into solar_activities (itc_id, idx, done, today, sub_scope, sub_done, extra) values ('ITC-4', 2, 0, 0, 3620, '[0]'::jsonb, '{}'::jsonb) on conflict (itc_id, idx) do update set done=excluded.done, today=excluded.today, sub_scope=excluded.sub_scope, sub_done=excluded.sub_done, extra=excluded.extra;
insert into solar_activities (itc_id, idx, done, today, sub_scope, sub_done, extra) values ('ITC-4', 3, 0, 0, 5679, '[0, 0, 0]'::jsonb, '{}'::jsonb) on conflict (itc_id, idx) do update set done=excluded.done, today=excluded.today, sub_scope=excluded.sub_scope, sub_done=excluded.sub_done, extra=excluded.extra;
insert into solar_activities (itc_id, idx, done, today, sub_scope, sub_done, extra) values ('ITC-4', 4, 0, 0, 9984, '[0]'::jsonb, '{}'::jsonb) on conflict (itc_id, idx) do update set done=excluded.done, today=excluded.today, sub_scope=excluded.sub_scope, sub_done=excluded.sub_done, extra=excluded.extra;
insert into solar_activities (itc_id, idx, done, today, sub_scope, sub_done, extra) values ('ITC-4', 5, 0, 0, 1, '[0]'::jsonb, '{}'::jsonb) on conflict (itc_id, idx) do update set done=excluded.done, today=excluded.today, sub_scope=excluded.sub_scope, sub_done=excluded.sub_done, extra=excluded.extra;
insert into solar_activities (itc_id, idx, done, today, sub_scope, sub_done, extra) values ('ITC-4', 6, 0, 0, 72, '[0, 0, 0]'::jsonb, '{}'::jsonb) on conflict (itc_id, idx) do update set done=excluded.done, today=excluded.today, sub_scope=excluded.sub_scope, sub_done=excluded.sub_done, extra=excluded.extra;
insert into solar_activities (itc_id, idx, done, today, sub_scope, sub_done, extra) values ('ITC-4', 7, 0, 0, 580, '[0, 0, 0]'::jsonb, '{}'::jsonb) on conflict (itc_id, idx) do update set done=excluded.done, today=excluded.today, sub_scope=excluded.sub_scope, sub_done=excluded.sub_done, extra=excluded.extra;
insert into solar_activities (itc_id, idx, done, today, sub_scope, sub_done, extra) values ('ITC-4', 8, 0, 0, 1, '[0, 0, 0]'::jsonb, '{}'::jsonb) on conflict (itc_id, idx) do update set done=excluded.done, today=excluded.today, sub_scope=excluded.sub_scope, sub_done=excluded.sub_done, extra=excluded.extra;
insert into solar_activities (itc_id, idx, done, today, sub_scope, sub_done, extra) values ('ITC-4', 9, 0, 0, 1, '[0, 0, 0]'::jsonb, '{}'::jsonb) on conflict (itc_id, idx) do update set done=excluded.done, today=excluded.today, sub_scope=excluded.sub_scope, sub_done=excluded.sub_done, extra=excluded.extra;
insert into solar_activities (itc_id, idx, done, today, sub_scope, sub_done, extra) values ('ITC-4', 10, 0, 0, 1, '[0, 0, 0]'::jsonb, '{}'::jsonb) on conflict (itc_id, idx) do update set done=excluded.done, today=excluded.today, sub_scope=excluded.sub_scope, sub_done=excluded.sub_done, extra=excluded.extra;
insert into solar_activities (itc_id, idx, done, today, sub_scope, sub_done, extra) values ('ITC-4', 11, 0, 0, 13, '[0, 0, 0]'::jsonb, '{}'::jsonb) on conflict (itc_id, idx) do update set done=excluded.done, today=excluded.today, sub_scope=excluded.sub_scope, sub_done=excluded.sub_done, extra=excluded.extra;
insert into solar_activities (itc_id, idx, done, today, sub_scope, sub_done, extra) values ('ITC-4', 12, 0, 0, 1, '[0, 0, 0]'::jsonb, '{}'::jsonb) on conflict (itc_id, idx) do update set done=excluded.done, today=excluded.today, sub_scope=excluded.sub_scope, sub_done=excluded.sub_done, extra=excluded.extra;
insert into solar_activities (itc_id, idx, done, today, sub_scope, sub_done, extra) values ('ITC-4', 13, 0, 0, 1, '[0, 0, 0, 0]'::jsonb, '{}'::jsonb) on conflict (itc_id, idx) do update set done=excluded.done, today=excluded.today, sub_scope=excluded.sub_scope, sub_done=excluded.sub_done, extra=excluded.extra;
insert into solar_activities (itc_id, idx, done, today, sub_scope, sub_done, extra) values ('ITC-4', 14, 0, 0, 1236, '[0, 0, 0, 0, 0]'::jsonb, '{}'::jsonb) on conflict (itc_id, idx) do update set done=excluded.done, today=excluded.today, sub_scope=excluded.sub_scope, sub_done=excluded.sub_done, extra=excluded.extra;
insert into solar_activities (itc_id, idx, done, today, sub_scope, sub_done, extra) values ('ITC-4', 15, 0, 0, 1, '[0, 0, 0, 0]'::jsonb, '{}'::jsonb) on conflict (itc_id, idx) do update set done=excluded.done, today=excluded.today, sub_scope=excluded.sub_scope, sub_done=excluded.sub_done, extra=excluded.extra;
insert into solar_itcs (id, data) values ('ITC-5', '{"live": {"activities": [], "noWorkReason": "Land registration pending — work not yet mobilised.", "lastByName": "", "lastAt": 1778636146649}}'::jsonb) on conflict (id) do update set data = excluded.data;
insert into solar_activities (itc_id, idx, done, today, sub_scope, sub_done, extra) values ('ITC-5', 0, 0, 0, 6185, '[0, 0, 0, 0]'::jsonb, '{}'::jsonb) on conflict (itc_id, idx) do update set done=excluded.done, today=excluded.today, sub_scope=excluded.sub_scope, sub_done=excluded.sub_done, extra=excluded.extra;
insert into solar_activities (itc_id, idx, done, today, sub_scope, sub_done, extra) values ('ITC-5', 1, 0, 0, 1, '[0]'::jsonb, '{}'::jsonb) on conflict (itc_id, idx) do update set done=excluded.done, today=excluded.today, sub_scope=excluded.sub_scope, sub_done=excluded.sub_done, extra=excluded.extra;
insert into solar_activities (itc_id, idx, done, today, sub_scope, sub_done, extra) values ('ITC-5', 2, 0, 0, 3620, '[0]'::jsonb, '{}'::jsonb) on conflict (itc_id, idx) do update set done=excluded.done, today=excluded.today, sub_scope=excluded.sub_scope, sub_done=excluded.sub_done, extra=excluded.extra;
insert into solar_activities (itc_id, idx, done, today, sub_scope, sub_done, extra) values ('ITC-5', 3, 0, 0, 5679, '[0, 0, 0]'::jsonb, '{}'::jsonb) on conflict (itc_id, idx) do update set done=excluded.done, today=excluded.today, sub_scope=excluded.sub_scope, sub_done=excluded.sub_done, extra=excluded.extra;
insert into solar_activities (itc_id, idx, done, today, sub_scope, sub_done, extra) values ('ITC-5', 4, 0, 0, 9984, '[0]'::jsonb, '{}'::jsonb) on conflict (itc_id, idx) do update set done=excluded.done, today=excluded.today, sub_scope=excluded.sub_scope, sub_done=excluded.sub_done, extra=excluded.extra;
insert into solar_activities (itc_id, idx, done, today, sub_scope, sub_done, extra) values ('ITC-5', 5, 0, 0, 1, '[0]'::jsonb, '{}'::jsonb) on conflict (itc_id, idx) do update set done=excluded.done, today=excluded.today, sub_scope=excluded.sub_scope, sub_done=excluded.sub_done, extra=excluded.extra;
insert into solar_activities (itc_id, idx, done, today, sub_scope, sub_done, extra) values ('ITC-5', 6, 0, 0, 72, '[0, 0, 0]'::jsonb, '{}'::jsonb) on conflict (itc_id, idx) do update set done=excluded.done, today=excluded.today, sub_scope=excluded.sub_scope, sub_done=excluded.sub_done, extra=excluded.extra;
insert into solar_activities (itc_id, idx, done, today, sub_scope, sub_done, extra) values ('ITC-5', 7, 0, 0, 580, '[0, 0, 0]'::jsonb, '{}'::jsonb) on conflict (itc_id, idx) do update set done=excluded.done, today=excluded.today, sub_scope=excluded.sub_scope, sub_done=excluded.sub_done, extra=excluded.extra;
insert into solar_activities (itc_id, idx, done, today, sub_scope, sub_done, extra) values ('ITC-5', 8, 0, 0, 1, '[0, 0, 0]'::jsonb, '{}'::jsonb) on conflict (itc_id, idx) do update set done=excluded.done, today=excluded.today, sub_scope=excluded.sub_scope, sub_done=excluded.sub_done, extra=excluded.extra;
insert into solar_activities (itc_id, idx, done, today, sub_scope, sub_done, extra) values ('ITC-5', 9, 0, 0, 1, '[0, 0, 0]'::jsonb, '{}'::jsonb) on conflict (itc_id, idx) do update set done=excluded.done, today=excluded.today, sub_scope=excluded.sub_scope, sub_done=excluded.sub_done, extra=excluded.extra;
insert into solar_activities (itc_id, idx, done, today, sub_scope, sub_done, extra) values ('ITC-5', 10, 0, 0, 1, '[0, 0, 0]'::jsonb, '{}'::jsonb) on conflict (itc_id, idx) do update set done=excluded.done, today=excluded.today, sub_scope=excluded.sub_scope, sub_done=excluded.sub_done, extra=excluded.extra;
insert into solar_activities (itc_id, idx, done, today, sub_scope, sub_done, extra) values ('ITC-5', 11, 0, 0, 13, '[0, 0, 0]'::jsonb, '{}'::jsonb) on conflict (itc_id, idx) do update set done=excluded.done, today=excluded.today, sub_scope=excluded.sub_scope, sub_done=excluded.sub_done, extra=excluded.extra;
insert into solar_activities (itc_id, idx, done, today, sub_scope, sub_done, extra) values ('ITC-5', 12, 0, 0, 1, '[0, 0, 0]'::jsonb, '{}'::jsonb) on conflict (itc_id, idx) do update set done=excluded.done, today=excluded.today, sub_scope=excluded.sub_scope, sub_done=excluded.sub_done, extra=excluded.extra;
insert into solar_activities (itc_id, idx, done, today, sub_scope, sub_done, extra) values ('ITC-5', 13, 0, 0, 1, '[0, 0, 0, 0]'::jsonb, '{}'::jsonb) on conflict (itc_id, idx) do update set done=excluded.done, today=excluded.today, sub_scope=excluded.sub_scope, sub_done=excluded.sub_done, extra=excluded.extra;
insert into solar_activities (itc_id, idx, done, today, sub_scope, sub_done, extra) values ('ITC-5', 14, 0, 0, 1236, '[0, 0, 0, 0, 0]'::jsonb, '{}'::jsonb) on conflict (itc_id, idx) do update set done=excluded.done, today=excluded.today, sub_scope=excluded.sub_scope, sub_done=excluded.sub_done, extra=excluded.extra;
insert into solar_activities (itc_id, idx, done, today, sub_scope, sub_done, extra) values ('ITC-5', 15, 0, 0, 1, '[0, 0, 0, 0]'::jsonb, '{}'::jsonb) on conflict (itc_id, idx) do update set done=excluded.done, today=excluded.today, sub_scope=excluded.sub_scope, sub_done=excluded.sub_done, extra=excluded.extra;
insert into solar_itcs (id, data) values ('ITC-6', '{"live": {"activities": [], "noWorkReason": "Land procurement pending — work not yet mobilised.", "lastByName": "", "lastAt": 1778636146649}}'::jsonb) on conflict (id) do update set data = excluded.data;
insert into solar_activities (itc_id, idx, done, today, sub_scope, sub_done, extra) values ('ITC-6', 0, 0, 0, 6185, '[0, 0, 0, 0]'::jsonb, '{}'::jsonb) on conflict (itc_id, idx) do update set done=excluded.done, today=excluded.today, sub_scope=excluded.sub_scope, sub_done=excluded.sub_done, extra=excluded.extra;
insert into solar_activities (itc_id, idx, done, today, sub_scope, sub_done, extra) values ('ITC-6', 1, 0, 0, 1, '[0]'::jsonb, '{}'::jsonb) on conflict (itc_id, idx) do update set done=excluded.done, today=excluded.today, sub_scope=excluded.sub_scope, sub_done=excluded.sub_done, extra=excluded.extra;
insert into solar_activities (itc_id, idx, done, today, sub_scope, sub_done, extra) values ('ITC-6', 2, 0, 0, 3620, '[0]'::jsonb, '{}'::jsonb) on conflict (itc_id, idx) do update set done=excluded.done, today=excluded.today, sub_scope=excluded.sub_scope, sub_done=excluded.sub_done, extra=excluded.extra;
insert into solar_activities (itc_id, idx, done, today, sub_scope, sub_done, extra) values ('ITC-6', 3, 0, 0, 5679, '[0, 0, 0]'::jsonb, '{}'::jsonb) on conflict (itc_id, idx) do update set done=excluded.done, today=excluded.today, sub_scope=excluded.sub_scope, sub_done=excluded.sub_done, extra=excluded.extra;
insert into solar_activities (itc_id, idx, done, today, sub_scope, sub_done, extra) values ('ITC-6', 4, 0, 0, 9984, '[0]'::jsonb, '{}'::jsonb) on conflict (itc_id, idx) do update set done=excluded.done, today=excluded.today, sub_scope=excluded.sub_scope, sub_done=excluded.sub_done, extra=excluded.extra;
insert into solar_activities (itc_id, idx, done, today, sub_scope, sub_done, extra) values ('ITC-6', 5, 0, 0, 1, '[0]'::jsonb, '{}'::jsonb) on conflict (itc_id, idx) do update set done=excluded.done, today=excluded.today, sub_scope=excluded.sub_scope, sub_done=excluded.sub_done, extra=excluded.extra;
insert into solar_activities (itc_id, idx, done, today, sub_scope, sub_done, extra) values ('ITC-6', 6, 0, 0, 72, '[0, 0, 0]'::jsonb, '{}'::jsonb) on conflict (itc_id, idx) do update set done=excluded.done, today=excluded.today, sub_scope=excluded.sub_scope, sub_done=excluded.sub_done, extra=excluded.extra;
insert into solar_activities (itc_id, idx, done, today, sub_scope, sub_done, extra) values ('ITC-6', 7, 0, 0, 580, '[0, 0, 0]'::jsonb, '{}'::jsonb) on conflict (itc_id, idx) do update set done=excluded.done, today=excluded.today, sub_scope=excluded.sub_scope, sub_done=excluded.sub_done, extra=excluded.extra;
insert into solar_activities (itc_id, idx, done, today, sub_scope, sub_done, extra) values ('ITC-6', 8, 0, 0, 1, '[0, 0, 0]'::jsonb, '{}'::jsonb) on conflict (itc_id, idx) do update set done=excluded.done, today=excluded.today, sub_scope=excluded.sub_scope, sub_done=excluded.sub_done, extra=excluded.extra;
insert into solar_activities (itc_id, idx, done, today, sub_scope, sub_done, extra) values ('ITC-6', 9, 0, 0, 1, '[0, 0, 0]'::jsonb, '{}'::jsonb) on conflict (itc_id, idx) do update set done=excluded.done, today=excluded.today, sub_scope=excluded.sub_scope, sub_done=excluded.sub_done, extra=excluded.extra;
insert into solar_activities (itc_id, idx, done, today, sub_scope, sub_done, extra) values ('ITC-6', 10, 0, 0, 1, '[0, 0, 0]'::jsonb, '{}'::jsonb) on conflict (itc_id, idx) do update set done=excluded.done, today=excluded.today, sub_scope=excluded.sub_scope, sub_done=excluded.sub_done, extra=excluded.extra;
insert into solar_activities (itc_id, idx, done, today, sub_scope, sub_done, extra) values ('ITC-6', 11, 0, 0, 13, '[0, 0, 0]'::jsonb, '{}'::jsonb) on conflict (itc_id, idx) do update set done=excluded.done, today=excluded.today, sub_scope=excluded.sub_scope, sub_done=excluded.sub_done, extra=excluded.extra;
insert into solar_activities (itc_id, idx, done, today, sub_scope, sub_done, extra) values ('ITC-6', 12, 0, 0, 1, '[0, 0, 0]'::jsonb, '{}'::jsonb) on conflict (itc_id, idx) do update set done=excluded.done, today=excluded.today, sub_scope=excluded.sub_scope, sub_done=excluded.sub_done, extra=excluded.extra;
insert into solar_activities (itc_id, idx, done, today, sub_scope, sub_done, extra) values ('ITC-6', 13, 0, 0, 1, '[0, 0, 0, 0]'::jsonb, '{}'::jsonb) on conflict (itc_id, idx) do update set done=excluded.done, today=excluded.today, sub_scope=excluded.sub_scope, sub_done=excluded.sub_done, extra=excluded.extra;
insert into solar_activities (itc_id, idx, done, today, sub_scope, sub_done, extra) values ('ITC-6', 14, 0, 0, 1236, '[0, 0, 0, 0, 0]'::jsonb, '{}'::jsonb) on conflict (itc_id, idx) do update set done=excluded.done, today=excluded.today, sub_scope=excluded.sub_scope, sub_done=excluded.sub_done, extra=excluded.extra;
insert into solar_activities (itc_id, idx, done, today, sub_scope, sub_done, extra) values ('ITC-6', 15, 0, 0, 1, '[0, 0, 0, 0]'::jsonb, '{}'::jsonb) on conflict (itc_id, idx) do update set done=excluded.done, today=excluded.today, sub_scope=excluded.sub_scope, sub_done=excluded.sub_done, extra=excluded.extra;
select set_module_state('wtg/meta', '{"totalMW": 70.2, "count": 26}'::jsonb);
insert into wtg_turbines (id, data) values ('MBI-12', '{"status": "wip", "lp": true, "pp": true, "civil": [100, 100, 100, 100, 100], "mech": [100, 100, 100, 80], "uss": 0, "sup": 100, "notes": "T1-T5 + Nacelle + Rotor Assembly + Rotor Erection + Boom Down COMPLETED. T1 Preparation WIP — Third-party validation under Technical Review. 11-May: T5 Generator cable termination 50%->100% done; Stator & Hub Prep WIP", "mechDates": {"towerStart": "2026-04-07", "towerEnd": "2026-04-19", "nacelleStart": "2026-04-20", "nacelleEnd": "2026-04-30", "bladeStart": "2026-05-03", "bladeEnd": ""}}'::jsonb) on conflict (id) do update set data = excluded.data;
insert into wtg_turbines (id, data) values ('MKD-258', '{"status": "row", "lp": true, "pp": false, "civil": [100, 100, 100, 100, 100], "mech": [0, 0, 0, 0], "uss": 0, "sup": 0, "notes": "Foundation Complete. Logistic Pathway Marum filling 500/550m — work hold due to mining inspection by Department. Main crane cabin marching WIP", "mechDates": {}}'::jsonb) on conflict (id) do update set data = excluded.data;
insert into wtg_turbines (id, data) values ('KDK-462', '{"status": "wip", "lp": false, "pp": false, "civil": [100, 100, 100, 100, 100], "mech": [0, 0, 0, 0], "uss": 0, "sup": 0, "notes": "Civil 100% (Casting + Curing + Backfilling done). Pathway ROW clearance & development PENDING — work hold due to Farmer issue. 100m Pathway Marum filling pending", "mechDates": {}}'::jsonb) on conflict (id) do update set data = excluded.data;
insert into wtg_turbines (id, data) values ('MOB-403', '{"status": "casting", "lp": false, "pp": false, "civil": [100, 100, 100, 100, 100], "mech": [0, 0, 0, 0], "uss": 0, "sup": 0, "notes": "Foundation Complete. CP done 15-Apr. Logistic Pathway Marum filling 800/1300m — work hold due to Vendor Payment Issue", "mechDates": {}}'::jsonb) on conflict (id) do update set data = excluded.data;
insert into wtg_turbines (id, data) values ('BDK-85', '{"status": "casting", "lp": false, "pp": false, "civil": [100, 100, 100, 100, 100], "mech": [0, 0, 0, 0], "uss": 0, "sup": 0, "notes": "Foundation Complete (Cast 28-Feb-2026, BackFill 09-Apr). Currently under Technical Review. Backfilling 1st layer + Pipe Fitting completed", "mechDates": {}}'::jsonb) on conflict (id) do update set data = excluded.data;
insert into wtg_turbines (id, data) values ('MKD-253', '{"status": "wip", "lp": true, "pp": true, "civil": [100, 100, 100, 100, 100], "mech": [100, 100, 60, 0], "uss": 0, "sup": 100, "notes": "Tower + Nacelle COMPLETED. MCC 60% completed. Hub work hold — High Wind. 11-May: T5 Generator cable termination 50% remaining. Plan: Hub Prep, A-section cable looping, Loop crimping", "mechDates": {"towerStart": "2026-03-01", "towerEnd": "2026-03-12", "nacelleStart": "2026-04-15", "nacelleEnd": "2026-04-22", "bladeStart": "", "bladeEnd": ""}}'::jsonb) on conflict (id) do update set data = excluded.data;
insert into wtg_turbines (id, data) values ('AMK-264', '{"status": "wip", "lp": false, "pp": false, "civil": [100, 100, 100, 100, 100], "mech": [0, 0, 0, 0], "uss": 0, "sup": 0, "notes": "Civil casting + curing completed. 11-May: Foundation remaining 60% shuttering work hold due to Vendor Manpower not available & Payment Issue", "mechDates": {}}'::jsonb) on conflict (id) do update set data = excluded.data;
insert into wtg_turbines (id, data) values ('CDP-221', '{"status": "casting", "lp": true, "pp": false, "civil": [100, 100, 100, 100, 100], "mech": [0, 0, 0, 0], "uss": 0, "sup": 0, "notes": "Foundation Complete. CP done WIP 20%. 11-May: 3rd-layer backfilling + compaction + FDD completion + Cranepad WIP. Water sprinkling & curing in progress", "mechDates": {}}'::jsonb) on conflict (id) do update set data = excluded.data;
insert into wtg_turbines (id, data) values ('MOB-142', '{"status": "casting", "lp": false, "pp": false, "civil": [100, 100, 100, 100, 100], "mech": [0, 0, 0, 0], "uss": 0, "sup": 0, "notes": "Civil casting + curing + backfilling completed. 11-May: Pipe fixing & Water proofing hold — Vendor Manpower & Payment Issue", "mechDates": {}}'::jsonb) on conflict (id) do update set data = excluded.data;
insert into wtg_turbines (id, data) values ('MKD-211', '{"status": "wip", "lp": false, "pp": false, "civil": [100, 100, 100, 100, 100], "mech": [0, 0, 0, 0], "uss": 0, "sup": 0, "notes": "Re-Engg Foundation completed (Cast 21-Apr, Cure 01-May). 11-May: 2nd GSB filling/leveling/compaction hold — Pathway ROW Farmer Payment Issue", "mechDates": {}}'::jsonb) on conflict (id) do update set data = excluded.data;
insert into wtg_turbines (id, data) values ('BDK-165', '{"status": "pending", "lp": false, "pp": false, "civil": [100, 100, 100, 100, 100], "mech": [0, 0, 0, 0], "uss": 0, "sup": 0, "notes": "Re-Engg Foundation completed (Cast 10-Mar). LEGAL CASE 14/2026 OS-SRC Kudligi Brothers — Expected clear 31-May-2026", "mechDates": {}}'::jsonb) on conflict (id) do update set data = excluded.data;
insert into wtg_turbines (id, data) values ('BLK-400', '{"status": "row", "lp": false, "pp": false, "civil": [0, 0, 0, 0, 0], "mech": [0, 0, 0, 0], "uss": 0, "sup": 0, "notes": "LEGAL ISSUE — PTCL Land. Location effectively Cancelled pending legal resolution", "mechDates": {}}'::jsonb) on conflict (id) do update set data = excluded.data;
insert into wtg_turbines (id, data) values ('CDP-193', '{"status": "pending", "lp": false, "pp": false, "civil": [100, 100, 100, 100, 100], "mech": [0, 0, 0, 0], "uss": 0, "sup": 0, "notes": "Foundation Complete (Cast 23-Mar). LEGAL CASE 254/2025 OS-SRC Kudligi Brothers — RFC pending court case. Expected clear 31-May-2026", "mechDates": {}}'::jsonb) on conflict (id) do update set data = excluded.data;
insert into wtg_turbines (id, data) values ('MKD-52', '{"status": "wip", "lp": false, "pp": false, "civil": [100, 100, 100, 100, 100], "mech": [0, 0, 0, 0], "uss": 0, "sup": 0, "notes": "Re-Engg Foundation completed (Cast 23-Apr, Cure 03-May, BackFill 06-May). 11-May: Lease area cleaning hold — ROW Farmer Payment Issue", "mechDates": {}}'::jsonb) on conflict (id) do update set data = excluded.data;
insert into wtg_turbines (id, data) values ('BDK-25', '{"status": "wip", "lp": false, "pp": false, "civil": [100, 100, 100, 100, 100], "mech": [0, 0, 0, 0], "uss": 0, "sup": 0, "notes": "Foundation completed (Cast 18-Apr, Cure 28-Apr, BackFill 01-May). 11-May: Hardrock Breaking Excavation hold — Vendor Payment Issue", "mechDates": {}}'::jsonb) on conflict (id) do update set data = excluded.data;
insert into wtg_turbines (id, data) values ('BDK-183', '{"status": "pending", "lp": true, "pp": false, "civil": [0, 0, 0, 0, 0], "mech": [0, 0, 0, 0], "uss": 0, "sup": 0, "notes": "Registration completed 10-May-2026. Land leased count now 16/26. Foundation work to be mobilised", "mechDates": {}}'::jsonb) on conflict (id) do update set data = excluded.data;
insert into wtg_turbines (id, data) values ('LOC-13', '{"status": "pending", "lp": false, "pp": false, "civil": [0, 0, 0, 0, 0], "mech": [0, 0, 0, 0], "uss": 0, "sup": 0, "notes": "Land procurement & survey pending — not yet started", "mechDates": {}}'::jsonb) on conflict (id) do update set data = excluded.data;
insert into wtg_turbines (id, data) values ('LOC-14', '{"status": "pending", "lp": false, "pp": false, "civil": [0, 0, 0, 0, 0], "mech": [0, 0, 0, 0], "uss": 0, "sup": 0, "notes": "Land procurement & survey pending — not yet started", "mechDates": {}}'::jsonb) on conflict (id) do update set data = excluded.data;
insert into wtg_turbines (id, data) values ('LOC-15', '{"status": "pending", "lp": false, "pp": false, "civil": [0, 0, 0, 0, 0], "mech": [0, 0, 0, 0], "uss": 0, "sup": 0, "notes": "Land procurement & survey pending — not yet started", "mechDates": {}}'::jsonb) on conflict (id) do update set data = excluded.data;
insert into wtg_turbines (id, data) values ('LOC-16', '{"status": "pending", "lp": false, "pp": false, "civil": [0, 0, 0, 0, 0], "mech": [0, 0, 0, 0], "uss": 0, "sup": 0, "notes": "Land procurement & survey pending — not yet started", "mechDates": {}}'::jsonb) on conflict (id) do update set data = excluded.data;
insert into wtg_turbines (id, data) values ('LOC-17', '{"status": "pending", "lp": false, "pp": false, "civil": [0, 0, 0, 0, 0], "mech": [0, 0, 0, 0], "uss": 0, "sup": 0, "notes": "Land procurement & survey pending — not yet started", "mechDates": {}}'::jsonb) on conflict (id) do update set data = excluded.data;
insert into wtg_turbines (id, data) values ('LOC-18', '{"status": "pending", "lp": false, "pp": false, "civil": [0, 0, 0, 0, 0], "mech": [0, 0, 0, 0], "uss": 0, "sup": 0, "notes": "Land procurement & survey pending — not yet started", "mechDates": {}}'::jsonb) on conflict (id) do update set data = excluded.data;
insert into wtg_turbines (id, data) values ('LOC-19', '{"status": "pending", "lp": false, "pp": false, "civil": [0, 0, 0, 0, 0], "mech": [0, 0, 0, 0], "uss": 0, "sup": 0, "notes": "Land procurement & survey pending — not yet started", "mechDates": {}}'::jsonb) on conflict (id) do update set data = excluded.data;
insert into wtg_turbines (id, data) values ('LOC-20', '{"status": "pending", "lp": false, "pp": false, "civil": [0, 0, 0, 0, 0], "mech": [0, 0, 0, 0], "uss": 0, "sup": 0, "notes": "Land procurement & survey pending — not yet started", "mechDates": {}}'::jsonb) on conflict (id) do update set data = excluded.data;
insert into wtg_turbines (id, data) values ('LOC-21', '{"status": "pending", "lp": false, "pp": false, "civil": [0, 0, 0, 0, 0], "mech": [0, 0, 0, 0], "uss": 0, "sup": 0, "notes": "Land procurement & survey pending — not yet started", "mechDates": {}}'::jsonb) on conflict (id) do update set data = excluded.data;
insert into wtg_turbines (id, data) values ('LOC-22', '{"status": "pending", "lp": false, "pp": false, "civil": [0, 0, 0, 0, 0], "mech": [0, 0, 0, 0], "uss": 0, "sup": 0, "notes": "Land procurement & survey pending — not yet started", "mechDates": {}}'::jsonb) on conflict (id) do update set data = excluded.data;
insert into bop_activities (section, act_key, data) values ('33kv', 'Feeder-1 SPDC', '[100, 97, 97, 97, 37, 5, 0, 0]'::jsonb) on conflict (section, act_key) do update set data = excluded.data;
insert into bop_activities (section, act_key, data) values ('33kv', 'Feeder-1 SPSC', '[100, 91, 52, 52, 0, 0, 0, 0]'::jsonb) on conflict (section, act_key) do update set data = excluded.data;
insert into bop_activities (section, act_key, data) values ('33kv', 'Feeder-4 SPSC', '[100, 26, 18, 18, 0, 0, 0, 0]'::jsonb) on conflict (section, act_key) do update set data = excluded.data;
insert into bop_activities (section, act_key, data) values ('33kv', 'Feeder-3 Solar', '[50, 0, 0, 0, 0, 0, 0, 0]'::jsonb) on conflict (section, act_key) do update set data = excluded.data;
insert into bop_activities (section, act_key, data) values ('66kv', 'SPDC Feeder', '[100, 98, 98, 85, 4, 0, 0, 0]'::jsonb) on conflict (section, act_key) do update set data = excluded.data;
insert into bop_activities (section, act_key, data) values ('pss', 'Soil Test', '{"scope": 1, "done": 1, "wip": 0, "bal": 0, "col": "#90caf9", "unit": "Nos"}'::jsonb) on conflict (section, act_key) do update set data = excluded.data;
insert into bop_activities (section, act_key, data) values ('pss', 'Pre cast Compound Wall', '{"scope": 250, "done": 250, "wip": 0, "bal": 0, "col": "#64b5f6", "unit": "Mtr"}'::jsonb) on conflict (section, act_key) do update set data = excluded.data;
insert into bop_activities (section, act_key, data) values ('pss', '66kv Gantry Fdn', '{"scope": 6, "done": 6, "wip": 0, "bal": 0, "col": "#00bcd4", "unit": "Nos"}'::jsonb) on conflict (section, act_key) do update set data = excluded.data;
insert into bop_activities (section, act_key, data) values ('pss', '33kv Gantry Fdn', '{"scope": 20, "done": 20, "wip": 0, "bal": 0, "col": "#00acc1", "unit": "Nos"}'::jsonb) on conflict (section, act_key) do update set data = excluded.data;
insert into bop_activities (section, act_key, data) values ('pss', '66kv Equip Fdn', '{"scope": 35, "done": 35, "wip": 0, "bal": 0, "col": "#0097a7", "unit": "Nos"}'::jsonb) on conflict (section, act_key) do update set data = excluded.data;
insert into bop_activities (section, act_key, data) values ('pss', '33kv Equip Fdn', '{"scope": 73, "done": 72, "wip": 0, "bal": 1, "col": "#006064", "unit": "Nos"}'::jsonb) on conflict (section, act_key) do update set data = excluded.data;
insert into bop_activities (section, act_key, data) values ('pss', '66kv Gantry Erection', '{"scope": 6, "done": 6, "wip": 0, "bal": 0, "col": "#4dd0e1", "unit": "Nos"}'::jsonb) on conflict (section, act_key) do update set data = excluded.data;
insert into bop_activities (section, act_key, data) values ('pss', '33kv Gantry Erection', '{"scope": 20, "done": 20, "wip": 0, "bal": 0, "col": "#80deea", "unit": "Nos"}'::jsonb) on conflict (section, act_key) do update set data = excluded.data;
insert into bop_activities (section, act_key, data) values ('pss', '66kv Equip Str Erection', '{"scope": 32, "done": 32, "wip": 0, "bal": 0, "col": "#00e5ff", "unit": "Nos"}'::jsonb) on conflict (section, act_key) do update set data = excluded.data;
insert into bop_activities (section, act_key, data) values ('pss', '33kv Equip Str Erection', '{"scope": 55, "done": 55, "wip": 0, "bal": 0, "col": "#18ffff", "unit": "Nos"}'::jsonb) on conflict (section, act_key) do update set data = excluded.data;
insert into bop_activities (section, act_key, data) values ('pss', '66kv Equipment Erection', '{"scope": 35, "done": 9, "wip": 0, "bal": 26, "col": "#ff9800", "unit": "Nos"}'::jsonb) on conflict (section, act_key) do update set data = excluded.data;
insert into bop_activities (section, act_key, data) values ('pss', '33kv Equipment Erection', '{"scope": 82, "done": 0, "wip": 0, "bal": 82, "col": "#ff6d00", "unit": "Nos"}'::jsonb) on conflict (section, act_key) do update set data = excluded.data;
insert into bop_activities (section, act_key, data) values ('pss', 'Earth Mat Erection', '{"scope": 100, "done": 80, "wip": 0, "bal": 20, "col": "#00bfa5", "unit": "%"}'::jsonb) on conflict (section, act_key) do update set data = excluded.data;
insert into bop_activities (section, act_key, data) values ('pss', 'Main Cable Trench', '{"scope": 100, "done": 60, "wip": 0, "bal": 40, "col": "#7c4dff", "unit": "%"}'::jsonb) on conflict (section, act_key) do update set data = excluded.data;
insert into bop_activities (section, act_key, data) values ('pss', 'PSS Foundation', '{"scope": 2, "done": 2, "wip": 0, "bal": 0, "col": "#b39ddb", "unit": "Nos"}'::jsonb) on conflict (section, act_key) do update set data = excluded.data;
insert into bop_activities (section, act_key, data) values ('pss', 'PSS Erection', '{"scope": 2, "done": 0, "wip": 0, "bal": 2, "col": "#9575cd", "unit": "Nos"}'::jsonb) on conflict (section, act_key) do update set data = excluded.data;
insert into bop_activities (section, act_key, data) values ('pss', 'PSS Testing', '{"scope": 2, "done": 0, "wip": 0, "bal": 2, "col": "#7e57c2", "unit": "Nos"}'::jsonb) on conflict (section, act_key) do update set data = excluded.data;
insert into bop_activities (section, act_key, data) values ('pss', 'PSS Commissioning', '{"scope": 2, "done": 0, "wip": 0, "bal": 2, "col": "#673ab7", "unit": "Nos"}'::jsonb) on conflict (section, act_key) do update set data = excluded.data;
insert into bop_activities (section, act_key, data) values ('pss', 'CRB Foundation Excavation', '{"scope": 100, "done": 100, "wip": 0, "bal": 0, "col": "#66bb6a", "unit": "%"}'::jsonb) on conflict (section, act_key) do update set data = excluded.data;
insert into bop_activities (section, act_key, data) values ('pss', 'CRB Raft & Column', '{"scope": 100, "done": 100, "wip": 0, "bal": 0, "col": "#4caf50", "unit": "%"}'::jsonb) on conflict (section, act_key) do update set data = excluded.data;
insert into bop_activities (section, act_key, data) values ('pss', 'Brick Work (GF)', '{"scope": 100, "done": 100, "wip": 0, "bal": 0, "col": "#43a047", "unit": "%"}'::jsonb) on conflict (section, act_key) do update set data = excluded.data;
insert into bop_activities (section, act_key, data) values ('pss', 'Roof Slab (GF)', '{"scope": 100, "done": 100, "wip": 0, "bal": 0, "col": "#388e3c", "unit": "%"}'::jsonb) on conflict (section, act_key) do update set data = excluded.data;
insert into bop_activities (section, act_key, data) values ('pss', 'Brick Work (FF)', '{"scope": 100, "done": 70, "wip": 5, "bal": 30, "col": "#2e7d32", "unit": "%"}'::jsonb) on conflict (section, act_key) do update set data = excluded.data;
insert into bop_activities (section, act_key, data) values ('pss', 'Roof Slab (FF)', '{"scope": 100, "done": 0, "wip": 0, "bal": 100, "col": "#1b5e20", "unit": "%"}'::jsonb) on conflict (section, act_key) do update set data = excluded.data;
insert into bop_activities (section, act_key, data) values ('pss', 'Cable Trench (MCR)', '{"scope": 100, "done": 0, "wip": 0, "bal": 100, "col": "#a5d6a7", "unit": "%"}'::jsonb) on conflict (section, act_key) do update set data = excluded.data;
insert into bop_activities (section, act_key, data) values ('pss', 'C&R Panel T&C', '{"scope": 100, "done": 0, "wip": 0, "bal": 100, "col": "#c8e6c9", "unit": "%"}'::jsonb) on conflict (section, act_key) do update set data = excluded.data;
insert into bop_activities (section, act_key, data) values ('gss', '66kV Bay Foundations', '{"scope": 19, "done": 18, "wip": 0, "bal": 1, "col": "#8bc34a", "unit": "Nos"}'::jsonb) on conflict (section, act_key) do update set data = excluded.data;
insert into bop_activities (section, act_key, data) values ('gss', '66kV Structure Erection', '{"scope": 17, "done": 15, "wip": 0, "bal": 2, "col": "#689f38", "unit": "Nos"}'::jsonb) on conflict (section, act_key) do update set data = excluded.data;
insert into bop_activities (section, act_key, data) values ('gss', '66kV Equip KPTCL Inspection', '{"scope": 19, "done": 3, "wip": 0, "bal": 16, "col": "#558b2f", "unit": "Nos"}'::jsonb) on conflict (section, act_key) do update set data = excluded.data;
insert into bop_activities (section, act_key, data) values ('gss', '66kV Equip KPTCL Delivery', '{"scope": 19, "done": 3, "wip": 0, "bal": 16, "col": "#33691e", "unit": "Nos"}'::jsonb) on conflict (section, act_key) do update set data = excluded.data;
insert into bop_activities (section, act_key, data) values ('gss', '66kV Equipment Erection', '{"scope": 17, "done": 3, "wip": 0, "bal": 14, "col": "#aed581", "unit": "Nos"}'::jsonb) on conflict (section, act_key) do update set data = excluded.data;
insert into bop_activities (section, act_key, data) values ('gss', '66kV Equipment Testing', '{"scope": 17, "done": 0, "wip": 0, "bal": 17, "col": "#c5e1a5", "unit": "Nos"}'::jsonb) on conflict (section, act_key) do update set data = excluded.data;
insert into bop_activities (section, act_key, data) values ('gss', 'Cable Trench', '{"scope": 100, "done": 0, "wip": 0, "bal": 100, "col": "#dcedc8", "unit": "%"}'::jsonb) on conflict (section, act_key) do update set data = excluded.data;
insert into bop_activities (section, act_key, data) values ('gss', 'CRB Building', '{"scope": 100, "done": 0, "wip": 0, "bal": 100, "col": "#9ccc65", "unit": "%"}'::jsonb) on conflict (section, act_key) do update set data = excluded.data;
insert into bop_activities (section, act_key, data) values ('gss', 'Commissioning', '{"scope": 1, "done": 0, "wip": 0, "bal": 1, "col": "#f9a825", "unit": "Nos"}'::jsonb) on conflict (section, act_key) do update set data = excluded.data;
insert into bop_assets (section, asset_key, data) values ('feeders33', '0', '{"feeder": "1&2", "section": "SPDC TAP 1A & 2A", "km": 13.5, "type": "EP", "scope": 364, "done": 352, "wip": 0, "bal": 12, "pct": 97, "spans": {"scope": 365, "done": 92}}'::jsonb) on conflict (section, asset_key) do update set data = excluded.data;
insert into bop_assets (section, asset_key, data) values ('feeders33', '1', '{"feeder": "1", "section": "END Tapping", "km": 2.8, "type": "EP", "scope": 56, "done": 6, "wip": 0, "bal": 50, "pct": 11, "spans": {"scope": 57, "done": 0}}'::jsonb) on conflict (section, asset_key) do update set data = excluded.data;
insert into bop_assets (section, asset_key, data) values ('feeders33', '2', '{"feeder": "1", "section": "MBI 12", "km": 0.2, "type": "Dog", "scope": 4, "done": 0, "wip": 0, "bal": 4, "pct": 0, "spans": {"scope": 5, "done": 0}}'::jsonb) on conflict (section, asset_key) do update set data = excluded.data;
insert into bop_assets (section, asset_key, data) values ('feeders33', '3', '{"feeder": "1", "section": "KDK 462", "km": 0.2, "type": "Dog", "scope": 4, "done": 0, "wip": 0, "bal": 4, "pct": 0, "spans": {"scope": 5, "done": 0}}'::jsonb) on conflict (section, asset_key) do update set data = excluded.data;
insert into bop_assets (section, asset_key, data) values ('feeders33', '4', '{"feeder": "1", "section": "MKD 258", "km": 1.8, "type": "Dog", "scope": 36, "done": 26, "wip": 0, "bal": 10, "pct": 72, "spans": {"scope": 37, "done": 0}}'::jsonb) on conflict (section, asset_key) do update set data = excluded.data;
insert into bop_assets (section, asset_key, data) values ('feeders33', '5', '{"feeder": "1", "section": "MKD 52", "km": 2.2, "type": "Dog", "scope": 44, "done": 36, "wip": 0, "bal": 8, "pct": 82, "spans": {"scope": 45, "done": 0}}'::jsonb) on conflict (section, asset_key) do update set data = excluded.data;
insert into bop_assets (section, asset_key, data) values ('feeders33', '6', '{"feeder": "1", "section": "MKD 211", "km": 1.2, "type": "Dog", "scope": 24, "done": 18, "wip": 0, "bal": 6, "pct": 75, "spans": {"scope": 25, "done": 0}}'::jsonb) on conflict (section, asset_key) do update set data = excluded.data;
insert into bop_assets (section, asset_key, data) values ('feeders33', '7', '{"feeder": "1", "section": "MKD 253", "km": 1.3, "type": "Dog", "scope": 26, "done": 19, "wip": 0, "bal": 7, "pct": 73, "spans": {"scope": 27, "done": 0}}'::jsonb) on conflict (section, asset_key) do update set data = excluded.data;
insert into bop_assets (section, asset_key, data) values ('feeders33', '8', '{"feeder": "2", "section": "Solar Land WIP", "km": 0, "type": "EP", "scope": 0, "done": 0, "wip": 0, "bal": 0, "pct": 0, "spans": {"scope": 1, "done": 0}}'::jsonb) on conflict (section, asset_key) do update set data = excluded.data;
insert into bop_assets (section, asset_key, data) values ('feeders33', '9', '{"feeder": "3", "section": "TAP 3A", "km": 1.5, "type": "EP", "scope": 30, "done": 0, "wip": 0, "bal": 30, "pct": 0, "spans": {"scope": 31, "done": 0}}'::jsonb) on conflict (section, asset_key) do update set data = excluded.data;
insert into bop_assets (section, asset_key, data) values ('feeders33', '10', '{"feeder": "3", "section": "Block 2", "km": 0.6, "type": "Dog", "scope": 12, "done": 0, "wip": 0, "bal": 12, "pct": 0, "spans": {"scope": 13, "done": 0}}'::jsonb) on conflict (section, asset_key) do update set data = excluded.data;
insert into bop_assets (section, asset_key, data) values ('feeders33', '11', '{"feeder": "4", "section": "MOB 142", "km": 10, "type": "EP", "scope": 200, "done": 0, "wip": 0, "bal": 200, "pct": 0, "spans": {"scope": 201, "done": 0}}'::jsonb) on conflict (section, asset_key) do update set data = excluded.data;
insert into bop_assets (section, asset_key, data) values ('feeders33', '12', '{"feeder": "4", "section": "CDP-221", "km": 2.6, "type": "Dog", "scope": 52, "done": 0, "wip": 0, "bal": 52, "pct": 0, "spans": {"scope": 53, "done": 0}}'::jsonb) on conflict (section, asset_key) do update set data = excluded.data;
insert into bop_assets (section, asset_key, data) values ('feeders33', '13', '{"feeder": "4", "section": "AMK 264", "km": 0.6, "type": "Dog", "scope": 12, "done": 0, "wip": 0, "bal": 12, "pct": 0, "spans": {"scope": 13, "done": 0}}'::jsonb) on conflict (section, asset_key) do update set data = excluded.data;
insert into bop_assets (section, asset_key, data) values ('feeders33', '14', '{"feeder": "4", "section": "MOB 403", "km": 1.2, "type": "Dog", "scope": 24, "done": 0, "wip": 0, "bal": 24, "pct": 0, "spans": {"scope": 25, "done": 0}}'::jsonb) on conflict (section, asset_key) do update set data = excluded.data;
insert into bop_assets (section, asset_key, data) values ('feeders33', '15', '{"feeder": "4", "section": "BDK 85", "km": 6.5, "type": "Dog", "scope": 130, "done": 77, "wip": 0, "bal": 53, "pct": 59, "spans": {"scope": 131, "done": 0}}'::jsonb) on conflict (section, asset_key) do update set data = excluded.data;
insert into bop_assets (section, asset_key, data) values ('feeders33', '16', '{"feeder": "4", "section": "BDK 25", "km": 1.2, "type": "Dog", "scope": 24, "done": 0, "wip": 0, "bal": 24, "pct": 0, "spans": {"scope": 25, "done": 0}}'::jsonb) on conflict (section, asset_key) do update set data = excluded.data;
insert into row_issues (legacy_id, loc, issue, type, status, opened, exp_clear, raised_by) values ('-row_001', 'ITC-1 South', 'Boundary Wall (ITC-1 South): pole drilling on hold 1 week — ROW pending', 'Solar', 'Open', '2026-05-04', '2026-05-15', null) on conflict (legacy_id) do nothing;
insert into row_issues (legacy_id, loc, issue, type, status, opened, exp_clear, raised_by) values ('-row_002', 'Sy.293 North', 'Land registration pending; sibling stakeholder blocking peripheral road vehicle movement', 'Solar', 'Open', '2026-04-25', '2026-05-20', null) on conflict (legacy_id) do nothing;
insert into row_issues (legacy_id, loc, issue, type, status, opened, exp_clear, raised_by) values ('-row_003', 'Sy.293/291', '11 kV and 440 V transmission lines not yet shifted — ROW clearance pending', 'Solar', 'Open', '2026-04-20', '2026-05-25', null) on conflict (legacy_id) do nothing;
insert into row_issues (legacy_id, loc, issue, type, status, opened, exp_clear, raised_by) values ('-row_004', 'Sy.293/291', 'SAFETY: Live HT/LT lines pose electrical hazard, restricting safe vehicle & manpower flow', 'Solar', 'Open', '2026-04-20', '2026-05-25', null) on conflict (legacy_id) do nothing;
insert into row_issues (legacy_id, loc, issue, type, status, opened, exp_clear, raised_by) values ('-row_005', 'MKD-253', 'Hub Preparation hold due to High Wind; Stator & A-section cable looping next-day plan', 'WTG', 'Open', '2026-04-20', '2026-05-15', null) on conflict (legacy_id) do nothing;
insert into row_issues (legacy_id, loc, issue, type, status, opened, exp_clear, raised_by) values ('-row_006', 'MKD-258', 'Logistic Pathway Marum filling 500/550m hold — mining inspection by Department', 'WTG', 'Open', '2026-03-17', '2026-05-15', null) on conflict (legacy_id) do nothing;
insert into row_issues (legacy_id, loc, issue, type, status, opened, exp_clear, raised_by) values ('-row_007', 'MBI-12', 'T1 Preparation WIP; further work hold — Third-party validation under Technical Review', 'WTG', 'Open', '2026-05-05', '2026-05-15', null) on conflict (legacy_id) do nothing;
insert into row_issues (legacy_id, loc, issue, type, status, opened, exp_clear, raised_by) values ('-row_008', 'BDK-85', 'Foundation under Technical Review', 'WTG', 'Open', '2026-05-01', '2026-05-20', null) on conflict (legacy_id) do nothing;
insert into row_issues (legacy_id, loc, issue, type, status, opened, exp_clear, raised_by) values ('-row_009', 'KDK-462', 'Casting hold — Pathway ROW by Farmer & 100m Pathway Marum filling pending', 'WTG', 'Open', '2026-03-11', '2026-05-15', null) on conflict (legacy_id) do nothing;
insert into row_issues (legacy_id, loc, issue, type, status, opened, exp_clear, raised_by) values ('-row_010', 'AMK-264', 'Foundation 60% shuttering hold — Vendor Manpower not available & Vendor Payment Issue', 'WTG', 'Open', '2026-03-01', '2026-05-15', null) on conflict (legacy_id) do nothing;
insert into row_issues (legacy_id, loc, issue, type, status, opened, exp_clear, raised_by) values ('-row_011', 'MKD-211', '2nd GSB filling & compaction hold — Pathway ROW (Farmer Payment Issue)', 'WTG', 'Open', '2026-04-07', '2026-05-15', null) on conflict (legacy_id) do nothing;
insert into row_issues (legacy_id, loc, issue, type, status, opened, exp_clear, raised_by) values ('-row_012', 'MKD-52', 'Lease area cleaning hold — ROW (Farmer Payment Issue)', 'WTG', 'Open', '2026-04-05', '2026-05-15', null) on conflict (legacy_id) do nothing;
insert into row_issues (legacy_id, loc, issue, type, status, opened, exp_clear, raised_by) values ('-row_013', 'BDK-25', 'Excavation (Hardrock Breaking) hold — Vendor Payment Issue', 'WTG', 'Open', '2026-03-31', '2026-05-15', null) on conflict (legacy_id) do nothing;
insert into row_issues (legacy_id, loc, issue, type, status, opened, exp_clear, raised_by) values ('-row_014', 'MOB-403', 'Logistic Pathway Marum filling 800/1300 hold — Vendor Payment Issue', 'WTG', 'Open', '2026-04-15', '2026-05-15', null) on conflict (legacy_id) do nothing;
insert into row_issues (legacy_id, loc, issue, type, status, opened, exp_clear, raised_by) values ('-row_015', 'MOB-142', 'Pipe fixing & Water proofing hold — Vendor Manpower not available + Payment Issue', 'WTG', 'Open', '2026-02-04', '2026-05-15', null) on conflict (legacy_id) do nothing;
insert into row_issues (legacy_id, loc, issue, type, status, opened, exp_clear, raised_by) values ('-row_016', 'CDP-221', '3rd-layer backfilling, compaction, FDD & Cranepad scrap WIP — waiting for curing', 'WTG', 'Open', '2026-02-02', '2026-05-15', null) on conflict (legacy_id) do nothing;
insert into row_issues (legacy_id, loc, issue, type, status, opened, exp_clear, raised_by) values ('-row_017', 'CDP-193', 'Legal case 254/2025 OS-SRCJ Kudligi Brothers — RFC pending court case', 'WTG', 'Open', '2026-03-01', '2026-05-31', null) on conflict (legacy_id) do nothing;
insert into row_issues (legacy_id, loc, issue, type, status, opened, exp_clear, raised_by) values ('-row_018', 'BDK-165', 'Legal case 14/2026 OS-SRCJ Kudligi Brothers', 'WTG', 'Open', '2026-03-01', '2026-05-31', null) on conflict (legacy_id) do nothing;
insert into row_issues (legacy_id, loc, issue, type, status, opened, exp_clear, raised_by) values ('-row_019', 'BLK-400', 'Legal Issue (PTCL Land) — Location effectively Cancelled', 'WTG', 'Open', '2026-01-06', '2026-06-30', null) on conflict (legacy_id) do nothing;
insert into row_issues (legacy_id, loc, issue, type, status, opened, exp_clear, raised_by) values ('-row_020', 'Feeder-01 NR Infra', '06-span stringing pending — ROW (Farmer not willing); 05 poles shifting & re-routing', '33kV', 'Open', '2026-04-10', '2026-05-20', null) on conflict (legacy_id) do nothing;
insert into row_issues (legacy_id, loc, issue, type, status, opened, exp_clear, raised_by) values ('-row_021', 'Feeder-01 SLV', '06 Pole Erection hold — ROW (Farmer not willing); 20 stay-concrete pending', '33kV', 'Open', '2026-04-12', '2026-05-20', null) on conflict (legacy_id) do nothing;
insert into row_issues (legacy_id, loc, issue, type, status, opened, exp_clear, raised_by) values ('-row_022', 'Feeder-04 Saishreeja', '07 Pole Erection — ROW Not Cleared (Farmer not willing)', '33kV', 'Open', '2026-04-15', '2026-05-20', null) on conflict (legacy_id) do nothing;
insert into row_issues (legacy_id, loc, issue, type, status, opened, exp_clear, raised_by) values ('-row_023', 'EHV Tower-37', 'Tower Location land ROW Issue — open since 21-Nov-2025', 'EHV', 'Open', '2025-11-21', '2026-05-25', null) on conflict (legacy_id) do nothing;
insert into row_issues (legacy_id, loc, issue, type, status, opened, exp_clear, raised_by) values ('-row_024', 'EHV Tower-53', 'Tower Location ROW Issue — Farmers Demand High after Excavation', 'EHV', 'Open', '2025-07-28', '2026-05-30', null) on conflict (legacy_id) do nothing;
insert into row_issues (legacy_id, loc, issue, type, status, opened, exp_clear, raised_by) values ('-row_025', 'BDK-183', 'Registration completed — Land Leased count now 16/26. Foundation work to begin.', 'WTG', 'Closed', '2026-05-10', '2026-05-11', null) on conflict (legacy_id) do nothing;
insert into milestones (legacy_id, title, mdate, mod) values ('-ms_001', 'MBI-12 Nacelle Installed (DONE)', '2026-04-30', 'WTG') on conflict (legacy_id) do nothing;
insert into milestones (legacy_id, title, mdate, mod) values ('-ms_002', 'MBI-12 Rotor Assembly Completed (DONE)', '2026-05-03', 'WTG') on conflict (legacy_id) do nothing;
insert into milestones (legacy_id, title, mdate, mod) values ('-ms_003', 'MBI-12 Rotor Erection + Boom Down Completed (DONE)', '2026-05-06', 'WTG') on conflict (legacy_id) do nothing;
insert into milestones (legacy_id, title, mdate, mod) values ('-ms_004', 'BDK-183 Land Registration Completed — 16th location', '2026-05-10', 'WTG') on conflict (legacy_id) do nothing;
insert into milestones (legacy_id, title, mdate, mod) values ('-ms_005', 'PSS MCR Brick Work FF reached 70% (+5% today)', '2026-05-11', 'BOP') on conflict (legacy_id) do nothing;
insert into milestones (legacy_id, title, mdate, mod) values ('-ms_006', 'GSS Isolator Foundation — Material & manpower expected', '2026-05-13', 'BOP') on conflict (legacy_id) do nothing;
insert into milestones (legacy_id, title, mdate, mod) values ('-ms_007', 'Multiple WTG ROW issues — expected resolution', '2026-05-15', 'WTG') on conflict (legacy_id) do nothing;
insert into milestones (legacy_id, title, mdate, mod) values ('-ms_008', '66kV EHV Line — Stringing target (currently 0.455 km)', '2026-05-15', 'BOP') on conflict (legacy_id) do nothing;
insert into milestones (legacy_id, title, mdate, mod) values ('-ms_009', 'Solar Module Installation Target — 1,500 Nos / day', '2026-05-15', 'Solar') on conflict (legacy_id) do nothing;
insert into milestones (legacy_id, title, mdate, mod) values ('-ms_010', '33kV Feeder-1 SPDC — Span stringing target (Wind)', '2026-05-20', 'BOP') on conflict (legacy_id) do nothing;
insert into milestones (legacy_id, title, mdate, mod) values ('-ms_011', 'PSS MCR Roof Slab (FF) — Casting start', '2026-05-25', 'BOP') on conflict (legacy_id) do nothing;
insert into milestones (legacy_id, title, mdate, mod) values ('-ms_012', 'CDP-193 / BDK-165 Legal cases — Expected resolution', '2026-05-31', 'WTG') on conflict (legacy_id) do nothing;
insert into milestones (legacy_id, title, mdate, mod) values ('-ms_013', 'PSS — 66kV Equipment Erection (35 Nos) target', '2026-06-15', 'BOP') on conflict (legacy_id) do nothing;
insert into milestones (legacy_id, title, mdate, mod) values ('-ms_014', '33kV Solar Feeder Energisation — Target', '2026-06-30', 'BOP') on conflict (legacy_id) do nothing;
insert into milestones (legacy_id, title, mdate, mod) values ('-ms_015', 'WTG First Power — Target', '2026-09-01', 'WTG') on conflict (legacy_id) do nothing;
insert into milestones (legacy_id, title, mdate, mod) values ('-ms_016', 'Solar Full Commissioning — Target', '2026-12-31', 'Solar') on conflict (legacy_id) do nothing;
insert into milestones (legacy_id, title, mdate, mod) values ('-ms_017', 'SCOD — Final COD', '2027-03-31', 'Overall') on conflict (legacy_id) do nothing;
insert into hse_observations (legacy_id, type, severity, description, obs, area, loc, vendor, action, photo_url, closed_by, status, extra) values ('-hse_obs_001', null, null, null, 'Live 11kV/440V transmission lines near work area — not yet shifted (electrical hazard)', null, 'Solar ITC-1', 'Solar EPC', null, null, '', 'Open', '{"photo": "", "raisedDate": "06-05-2026", "raisedBy": "Site Safety Officer", "closedPhoto": "", "avgTime": "—", "risk": "Unsafe Condition", "branch": 0, "day": 6, "ts": 1778636146665}'::jsonb) on conflict (legacy_id) do nothing;
insert into hse_observations (legacy_id, type, severity, description, obs, area, loc, vendor, action, photo_url, closed_by, status, extra) values ('-hse_obs_002', null, null, null, 'T1 working at height — third-party harness validation under technical review', null, 'MBI-12', 'HML', null, null, 'Laxman', 'Closed', '{"photo": "", "raisedDate": "05-05-2026", "raisedBy": "Mastan Ali", "closedPhoto": "", "avgTime": "2 Hrs", "risk": "Near Miss", "branch": 0, "day": 5, "ts": 1778636146665}'::jsonb) on conflict (legacy_id) do nothing;
insert into hse_observations (legacy_id, type, severity, description, obs, area, loc, vendor, action, photo_url, closed_by, status, extra) values ('-hse_obs_003', null, null, null, 'Hub Preparation — work hold due to high wind conditions (above threshold)', null, 'MKD-253', 'HML', null, null, 'Site Manager', 'Closed', '{"photo": "", "raisedDate": "11-05-2026", "raisedBy": "Site Engineer", "closedPhoto": "", "avgTime": "1 Hr", "risk": "Unsafe Act / Condition", "branch": 0, "day": 11, "ts": 1778636146665}'::jsonb) on conflict (legacy_id) do nothing;
insert into hse_employees (legacy_id, code, name, score, photo) values ('BE28', 'BE28', 'Chandrashekhar Angadi', 82, null) on conflict (legacy_id) do nothing;
insert into hse_employees (legacy_id, code, name, score, photo) values ('BE27', 'BE27', 'Abdul', 76, null) on conflict (legacy_id) do nothing;
insert into hse_employees (legacy_id, code, name, score, photo) values ('BE32', 'BE32', 'Mahesh', 70, null) on conflict (legacy_id) do nothing;
insert into hse_employees (legacy_id, code, name, score, photo) values ('BE03', 'BE03', 'Manjunath', 88, null) on conflict (legacy_id) do nothing;
insert into hse_employees (legacy_id, code, name, score, photo) values ('BE12', 'BE12', 'Shashikant', 74, null) on conflict (legacy_id) do nothing;
insert into hse_employees (legacy_id, code, name, score, photo) values ('BE14', 'BE14', 'Arul', 79, null) on conflict (legacy_id) do nothing;
insert into hse_employees (legacy_id, code, name, score, photo) values ('SW-01', 'SW-01', 'AA', 53, null) on conflict (legacy_id) do nothing;
insert into hse_employees (legacy_id, code, name, score, photo) values ('SW-02', 'SW-02', 'BB', 56, null) on conflict (legacy_id) do nothing;
insert into hse_employees (legacy_id, code, name, score, photo) values ('SW-03', 'SW-03', 'CC', 71, null) on conflict (legacy_id) do nothing;
insert into hse_employees (legacy_id, code, name, score, photo) values ('SW-05', 'SW-05', 'EE', 81, null) on conflict (legacy_id) do nothing;
insert into hse_employees (legacy_id, code, name, score, photo) values ('SW-10', 'SW-10', 'EkE', 91, null) on conflict (legacy_id) do nothing;
commit;
